{"cameraMode":{"drawMode":0,"name":"Shaded","section":"Shading Mode"},"sceneLighting":true,"audioPlay":false,"sceneViewState":{"showFog":true,"showMaterialUpdate":false,"showSkybox":true,"showFlares":true,"showImageEffects":true,"showParticleSystems":true,"showVisualEffectGraphs":true,"m_FxEnabled":true},"in2DMode":false,"pivot":{"x":412.6517639160156,"y":227.1741485595703,"z":-183.0198211669922},"rotation":{"x":-0.007499102968722582,"y":-0.014999138191342354,"z":-0.00011233804980292916,"w":0.9998601078987122},"size":250.10455322265626,"orthographic":true}