{"cameraMode":{"drawMode":0,"name":"Shaded","section":"Shading Mode"},"sceneLighting":true,"audioPlay":false,"sceneViewState":{"showFog":true,"showMaterialUpdate":false,"showSkybox":true,"showFlares":true,"showImageEffects":true,"showParticleSystems":true,"showVisualEffectGraphs":true,"m_FxEnabled":true},"in2DMode":false,"pivot":{"x":411.61865234375,"y":218.28286743164063,"z":-12.893829345703125},"rotation":{"x":-0.007499102968722582,"y":-0.014999138191342354,"z":-0.00011233804980292916,"w":0.9998601078987122},"size":224.49667358398438,"orthographic":true}