{"cameraMode":{"drawMode":0,"name":"Shaded","section":"Shading Mode"},"sceneLighting":true,"audioPlay":false,"sceneViewState":{"showFog":true,"showMaterialUpdate":false,"showSkybox":true,"showFlares":true,"showImageEffects":true,"showParticleSystems":true,"showVisualEffectGraphs":true,"m_FxEnabled":true},"in2DMode":false,"pivot":{"x":372.9048156738281,"y":166.56051635742188,"z":-29.618165969848634},"rotation":{"x":-0.007499102968722582,"y":-0.014999138191342354,"z":-0.00011233804980292916,"w":0.9998601078987122},"size":291.2010498046875,"orthographic":true}